Year,Name,,Voted By,1,2,3,4,5,6,7,8,9,10,11,12,13,14,15,16,Inducted As,Votes,% of Ballots
2026,Andruw Jones,1977-Living,BBWAA,1,0,0,0,0,0,0,0,0,0,0,0,0,0,0,0,Player,333,78.40%
2026,Carlos Beltrán,1977-Living,BBWAA,1,0,0,0,0,0,0,0,0,0,0,0,0,0,0,0,Player,358,84.20%
2026,Jeff Kent,1968-Living,Veterans,0,0,0,0,0,1,0,0,0,0,0,0,0,0,0,0,Player,,
2025,Billy Wagner,1971-Living,BBWAA,1,0,0,0,0,0,0,0,0,0,0,0,0,0,0,0,Player,325,82.50%
2025,CC Sabathia,1980-Living,BBWAA,1,0,0,0,0,0,0,0,0,0,0,0,0,0,0,0,Player,342,86.80%
2025,Dave Parker,1951-2025,Classic Baseball Era,0,0,0,0,0,0,0,0,1,0,0,0,0,0,0,0,Player,,
2025,Dick Allen,1942-2020,Classic Baseball Era,0,0,0,0,0,0,0,0,1,0,0,0,0,0,0,0,Player,,
2025,Ichiro Suzuki,1973-Living,BBWAA,1,0,0,0,0,0,0,0,0,0,0,0,0,0,0,0,Player,393,99.70%
2024,Adrian Beltré,1979-Living,BBWAA,1,0,0,0,0,0,0,0,0,0,0,0,0,0,0,0,Player,366,95.10%
2024,Joe Mauer,1983-Living,BBWAA,1,0,0,0,0,0,0,0,0,0,0,0,0,0,0,0,Player,293,76.10%
2024,Jim Leyland,1944-Living,Contemporary Baseball Era Non-Players,0,0,0,0,0,0,0,0,0,0,1,0,0,0,0,0,Manager,,
2024,Todd Helton,1973-Living,BBWAA,1,0,0,0,0,0,0,0,0,0,0,0,0,0,0,0,Player,307,79.70%
2023,Fred McGriff,1963-Living,Contemporary Baseball Era,0,0,0,0,0,0,0,0,0,1,0,0,0,0,0,0,Player,16,100.00%
2023,Scott Rolen,1975-Living,BBWAA,1,0,0,0,0,0,0,0,0,0,0,0,0,0,0,0,Player,297,76.30%
2022,Buck O'Neil,1911-2006,Early Baseball Era,0,0,0,0,1,0,0,0,0,0,0,0,0,0,0,0,Pioneer/Executive,13,81.30%
2022,Bud Fowler,1858-1913,Early Baseball Era,0,0,0,0,1,0,0,0,0,0,0,0,0,0,0,0,Pioneer/Executive,,
2022,David Ortiz,1975-Living,BBWAA,1,0,0,0,0,0,0,0,0,0,0,0,0,0,0,0,Player,307,77.90%
2022,Gil Hodges,1924-1972,Golden Days Era,0,0,1,0,0,0,0,0,0,0,0,0,0,0,0,0,Player,12,75.00%
2022,Jim Kaat,1938-Living,Golden Days Era,0,0,1,0,0,0,0,0,0,0,0,0,0,0,0,0,Player,12,75.00%
2022,Minnie Miñoso,1923-2015,Golden Days Era,0,0,1,0,0,0,0,0,0,0,0,0,0,0,0,0,Player,14,87.50%
2022,Tony Oliva,1938-Living,Golden Days Era,0,0,1,0,0,0,0,0,0,0,0,0,0,0,0,0,Player,12,75.00%
2020,Derek Jeter,1974-Living,BBWAA,1,0,0,0,0,0,0,0,0,0,0,0,0,0,0,0,Player,396,99.70%
2020,Larry Walker,1966-Living,BBWAA,1,0,0,0,0,0,0,0,0,0,0,0,0,0,0,0,Player,304,76.60%
2020,Marvin Miller,1917-2012,Modern Baseball Era,0,1,0,0,0,0,0,0,0,0,0,0,0,0,0,0,Pioneer/Executive,13,81.30%
2020,Ted Simmons,1949-Living,Modern Baseball Era,0,1,0,0,0,0,0,0,0,0,0,0,0,0,0,0,Player,13,81.30%
2019,Edgar Martínez,1963-Living,BBWAA,1,0,0,0,0,0,0,0,0,0,0,0,0,0,0,0,Player,363,85.40%
2019,Harold Baines,1959-Living,Today's Game Era,0,0,0,1,0,0,0,0,0,0,0,0,0,0,0,0,Player,12,75.00%
2019,Lee Smith,1957-Living,Today's Game Era,0,0,0,1,0,0,0,0,0,0,0,0,0,0,0,0,Player,16,100.00%
2019,Mariano Rivera,1969-Living,BBWAA,1,0,0,0,0,0,0,0,0,0,0,0,0,0,0,0,Player,425,100.00%
2019,Mike Mussina,1968-Living,BBWAA,1,0,0,0,0,0,0,0,0,0,0,0,0,0,0,0,Player,326,76.70%
2019,Roy Halladay,1977-2017,BBWAA,1,0,0,0,0,0,0,0,0,0,0,0,0,0,0,0,Player,363,85.40%
2018,Alan Trammell,1958-Living,Modern Baseball Era,0,1,0,0,0,0,0,0,0,0,0,0,0,0,0,0,Player,13,81.30%
2018,Chipper Jones,1972-Living,BBWAA,1,0,0,0,0,0,0,0,0,0,0,0,0,0,0,0,Player,410,97.20%
2018,Jack Morris,1955-Living,Modern Baseball Era,0,1,0,0,0,0,0,0,0,0,0,0,0,0,0,0,Player,14,87.50%
2018,Jim Thome,1970-Living,BBWAA,1,0,0,0,0,0,0,0,0,0,0,0,0,0,0,0,Player,379,89.80%
2018,Trevor Hoffman,1967-Living,BBWAA,1,0,0,0,0,0,0,0,0,0,0,0,0,0,0,0,Player,337,79.90%
2018,Vladimir Guerrero,1975-Living,BBWAA,1,0,0,0,0,0,0,0,0,0,0,0,0,0,0,0,Player,392,92.90%
2017,Bud Selig,1934-Living,Today's Game Era,0,0,0,1,0,0,0,0,0,0,0,0,0,0,0,0,Pioneer/Executive,,
2017,Iván Rodríguez,1971-Living,BBWAA,1,0,0,0,0,0,0,0,0,0,0,0,0,0,0,0,Player,336,76.00%
2017,Jeff Bagwell,1968-Living,BBWAA,1,0,0,0,0,0,0,0,0,0,0,0,0,0,0,0,Player,381,86.20%
2017,John Schuerholz,1940-Living,Today's Game Era,0,0,0,1,0,0,0,0,0,0,0,0,0,0,0,0,Pioneer/Executive,16,100.00%
2017,Tim Raines,1959-Living,BBWAA,1,0,0,0,0,0,0,0,0,0,0,0,0,0,0,0,Player,380,86.00%
2016,Ken Griffey Jr.,1969-Living,BBWAA,1,0,0,0,0,0,0,0,0,0,0,0,0,0,0,0,Player,437,99.30%
2016,Mike Piazza,1968-Living,BBWAA,1,0,0,0,0,0,0,0,0,0,0,0,0,0,0,0,Player,365,83.00%
2015,Craig Biggio,1965-Living,BBWAA,1,0,0,0,0,0,0,0,0,0,0,0,0,0,0,0,Player,454,82.70%
2015,John Smoltz,1967-Living,BBWAA,1,0,0,0,0,0,0,0,0,0,0,0,0,0,0,0,Player,455,82.90%
2015,Pedro Martínez,1971-Living,BBWAA,1,0,0,0,0,0,0,0,0,0,0,0,0,0,0,0,Player,500,91.10%
2015,Randy Johnson,1963-Living,BBWAA,1,0,0,0,0,0,0,0,0,0,0,0,0,0,0,0,Player,534,97.30%
2014,Bobby Cox,1941-Living,Expansion Era,0,0,0,0,0,0,1,0,0,0,0,0,0,0,0,0,Manager,16,100.00%
2014,Frank Thomas,1968-Living,BBWAA,1,0,0,0,0,0,0,0,0,0,0,0,0,0,0,0,Player,478,83.70%
2014,Tony La Russa,1944-Living,Expansion Era,0,0,0,0,0,0,1,0,0,0,0,0,0,0,0,0,Manager,16,100.00%
2014,Greg Maddux,1966-Living,BBWAA,1,0,0,0,0,0,0,0,0,0,0,0,0,0,0,0,Player,555,97.20%
2014,Tom Glavine,1966-Living,BBWAA,1,0,0,0,0,0,0,0,0,0,0,0,0,0,0,0,Player,525,91.90%
2014,Joe Torre,1940-Living,Expansion Era,0,0,0,0,0,0,1,0,0,0,0,0,0,0,0,0,Manager,16,100.00%
2013,Hank O'Day,1859-1935,Pre-Integration Era,0,0,0,0,0,0,0,1,0,0,0,0,0,0,0,0,Umpire,15,93.80%
2013,Deacon White,1847-1939,Pre-Integration Era,0,0,0,0,0,0,0,1,0,0,0,0,0,0,0,0,Player,14,87.50%
2013,Jacob Ruppert,1867-1939,Pre-Integration Era,0,0,0,0,0,0,0,1,0,0,0,0,0,0,0,0,Pioneer/Executive,15,93.80%
2012,Barry Larkin,1964-Living,BBWAA,1,0,0,0,0,0,0,0,0,0,0,0,0,0,0,0,Player,495,86.40%
2012,Ron Santo,1940-2010,Veterans,0,0,0,0,0,1,0,0,0,0,0,0,0,0,0,0,Player,15,93.80%
2011,Bert Blyleven,1951-Living,BBWAA,1,0,0,0,0,0,0,0,0,0,0,0,0,0,0,0,Player,463,79.70%
2011,Pat Gillick,1937-Living,Expansion Era,0,0,0,0,0,0,1,0,0,0,0,0,0,0,0,0,Pioneer/Executive,,
2011,Roberto Alomar,1968-Living,BBWAA,1,0,0,0,0,0,0,0,0,0,0,0,0,0,0,0,Player,523,90.00%
2010,Andre Dawson,1954-Living,BBWAA,1,0,0,0,0,0,0,0,0,0,0,0,0,0,0,0,Player,420,77.90%
2010,Doug Harvey,1930-2018,Veterans,0,0,0,0,0,1,0,0,0,0,0,0,0,0,0,0,Umpire,15,93.80%
2010,Whitey Herzog,1931-2024,Veterans,0,0,0,0,0,1,0,0,0,0,0,0,0,0,0,0,Manager,14,87.50%
2009,Jim Rice,1953-Living,BBWAA,1,0,0,0,0,0,0,0,0,0,0,0,0,0,0,0,Player,412,76.40%
2009,Joe Gordon,1915-1978,Veterans,0,0,0,0,0,1,0,0,0,0,0,0,0,0,0,0,Player,10,83.30%
2009,Rickey Henderson,1958-2024,BBWAA,1,0,0,0,0,0,0,0,0,0,0,0,0,0,0,0,Player,511,94.80%
2008,Barney Dreyfuss,1865-1932,Veterans,0,0,0,0,0,1,0,0,0,0,0,0,0,0,0,0,Pioneer/Executive,10,83.30%
2008,Bowie Kuhn,1926-2007,Veterans,0,0,0,0,0,1,0,0,0,0,0,0,0,0,0,0,Pioneer/Executive,,
2008,Rich Gossage,1951-Living,BBWAA,1,0,0,0,0,0,0,0,0,0,0,0,0,0,0,0,Player,466,85.80%
2008,Walter O'Malley,1903-1979,Veterans,0,0,0,0,0,1,0,0,0,0,0,0,0,0,0,0,Pioneer/Executive,9,75.00%
2008,Billy Southworth,1893-1969,Veterans,0,0,0,0,0,1,0,0,0,0,0,0,0,0,0,0,Manager,13,81.30%
2008,Dick Williams,1929-2011,Veterans,0,0,0,0,0,1,0,0,0,0,0,0,0,0,0,0,Manager,13,81.30%
2007,Cal Ripken Jr.,1960-Living,BBWAA,1,0,0,0,0,0,0,0,0,0,0,0,0,0,0,0,Player,537,98.50%
2007,Tony Gwynn,1960-2014,BBWAA,1,0,0,0,0,0,0,0,0,0,0,0,0,0,0,0,Player,532,97.60%
2006,Alex Pompez,1890-1974,Negro League,0,0,0,0,0,0,0,0,0,0,0,1,0,0,0,0,Pioneer/Executive,,
2006,Andy Cooper,1897-1941,Negro League,0,0,0,0,0,0,0,0,0,0,0,1,0,0,0,0,Player,,
2006,Ben Taylor,1888-1953,Negro League,0,0,0,0,0,0,0,0,0,0,0,1,0,0,0,0,Player,,
2006,Biz Mackey,1897-1965,Negro League,0,0,0,0,0,0,0,0,0,0,0,1,0,0,0,0,Player,,
2006,Bruce Sutter,1953-2022,BBWAA,1,0,0,0,0,0,0,0,0,0,0,0,0,0,0,0,Player,400,76.90%
2006,Cristóbal Torriente,1893-1938,Negro League,0,0,0,0,0,0,0,0,0,0,0,1,0,0,0,0,Player,,
2006,Cum Posey,1890-1946,Negro League,0,0,0,0,0,0,0,0,0,0,0,1,0,0,0,0,Pioneer/Executive,,
2006,Effa Manley,1897-1981,Negro League,0,0,0,0,0,0,0,0,0,0,0,1,0,0,0,0,Pioneer/Executive,,
2006,Frank Grant,1865-1937,Negro League,0,0,0,0,0,0,0,0,0,0,0,1,0,0,0,0,Pioneer/Executive,,
2006,J.L. Wilkinson,1878-1964,Negro League,0,0,0,0,0,0,0,0,0,0,0,1,0,0,0,0,Pioneer/Executive,,
2006,José Méndez,1885-1928,Negro League,0,0,0,0,0,0,0,0,0,0,0,1,0,0,0,0,Player,,
2006,Jud Wilson,1894-1963,Negro League,0,0,0,0,0,0,0,0,0,0,0,1,0,0,0,0,Player,,
2006,Louis Santop,1889-1942,Negro League,0,0,0,0,0,0,0,0,0,0,0,1,0,0,0,0,Player,,
2006,Mule Suttles,1901-1966,Negro League,0,0,0,0,0,0,0,0,0,0,0,1,0,0,0,0,Player,,
2006,Pete Hill,1882-1951,Negro League,0,0,0,0,0,0,0,0,0,0,0,1,0,0,0,0,Player,,
2006,Ray Brown,1908-1965,Negro League,0,0,0,0,0,0,0,0,0,0,0,1,0,0,0,0,Player,,
2006,Sol White,1868-1955,Negro League,0,0,0,0,0,0,0,0,0,0,0,1,0,0,0,0,Pioneer/Executive,,
2006,Willard Brown,1915-1996,Negro League,0,0,0,0,0,0,0,0,0,0,0,1,0,0,0,0,Player,,
2005,Ryne Sandberg,1959-2025,BBWAA,1,0,0,0,0,0,0,0,0,0,0,0,0,0,0,0,Player,393,76.20%
2005,Wade Boggs,1958-Living,BBWAA,1,0,0,0,0,0,0,0,0,0,0,0,0,0,0,0,Player,474,91.90%
2004,Dennis Eckersley,1954-Living,BBWAA,1,0,0,0,0,0,0,0,0,0,0,0,0,0,0,0,Player,421,83.20%
2004,Paul Molitor,1956-Living,BBWAA,1,0,0,0,0,0,0,0,0,0,0,0,0,0,0,0,Player,431,85.20%
2003,Eddie Murray,1956-Living,BBWAA,1,0,0,0,0,0,0,0,0,0,0,0,0,0,0,0,Player,423,85.30%
2003,Gary Carter,1954-2012,BBWAA,1,0,0,0,0,0,0,0,0,0,0,0,0,0,0,0,Player,387,78.00%
2002,Ozzie Smith,1954-Living,BBWAA,1,0,0,0,0,0,0,0,0,0,0,0,0,0,0,0,Player,433,91.70%
2001,Bill Mazeroski,1936-Living,Veterans,0,0,0,0,0,1,0,0,0,0,0,0,0,0,0,0,Player,,
2001,Dave Winfield,1951-Living,BBWAA,1,0,0,0,0,0,0,0,0,0,0,0,0,0,0,0,Player,435,84.50%
2001,Hilton Smith,1907-1983,Veterans,0,0,0,0,0,1,0,0,0,0,0,0,0,0,0,0,Player,,
2001,Kirby Puckett,1960-2006,BBWAA,1,0,0,0,0,0,0,0,0,0,0,0,0,0,0,0,Player,423,82.10%
2000,Sparky Anderson,1934-2010,Veterans,0,0,0,0,0,1,0,0,0,0,0,0,0,0,0,0,Manager,,
2000,Bid McPhee,1859-1943,Veterans,0,0,0,0,0,1,0,0,0,0,0,0,0,0,0,0,Player,,
2000,Carlton Fisk,1947-Living,BBWAA,1,0,0,0,0,0,0,0,0,0,0,0,0,0,0,0,Player,397,79.60%
2000,Tony Pérez,1942-Living,BBWAA,1,0,0,0,0,0,0,0,0,0,0,0,0,0,0,0,Player,385,77.20%
2000,Turkey Stearnes,1901-1979,Veterans,0,0,0,0,0,1,0,0,0,0,0,0,0,0,0,0,Player,,
1999,George Brett,1953-Living,BBWAA,1,0,0,0,0,0,0,0,0,0,0,0,0,0,0,0,Player,488,98.20%
1999,Joe Williams,1886-1951,Veterans,0,0,0,0,0,1,0,0,0,0,0,0,0,0,0,0,Player,,
1999,Nestor Chylak,1922-1982,Veterans,0,0,0,0,0,1,0,0,0,0,0,0,0,0,0,0,Umpire,,
1999,Nolan Ryan,1947-Living,BBWAA,1,0,0,0,0,0,0,0,0,0,0,0,0,0,0,0,Player,491,98.80%
1999,Frank Selee,1859-1909,Veterans,0,0,0,0,0,1,0,0,0,0,0,0,0,0,0,0,Manager,,
1999,Orlando Cepeda,1937-2024,Veterans,0,0,0,0,0,1,0,0,0,0,0,0,0,0,0,0,Player,,
1999,Robin Yount,1955-Living,BBWAA,1,0,0,0,0,0,0,0,0,0,0,0,0,0,0,0,Player,385,77.50%
1998,Bullet Rogan,1893-1967,Veterans,0,0,0,0,0,1,0,0,0,0,0,0,0,0,0,0,Player,,
1998,Don Sutton,1945-2021,BBWAA,1,0,0,0,0,0,0,0,0,0,0,0,0,0,0,0,Player,386,81.60%
1998,George Davis,1870-1940,Veterans,0,0,0,0,0,1,0,0,0,0,0,0,0,0,0,0,Player,,
1998,Larry Doby,1923-2003,Veterans,0,0,0,0,0,1,0,0,0,0,0,0,0,0,0,0,Player,,
1998,Lee MacPhail,1917-2012,Veterans,0,0,0,0,0,1,0,0,0,0,0,0,0,0,0,0,Pioneer/Executive,,
1997,Nellie Fox,1927-1975,Veterans,0,0,0,0,0,1,0,0,0,0,0,0,0,0,0,0,Player,,
1997,Tommy Lasorda,1927-2021,Veterans,0,0,0,0,0,1,0,0,0,0,0,0,0,0,0,0,Manager,,
1997,Phil Niekro,1939-2020,BBWAA,1,0,0,0,0,0,0,0,0,0,0,0,0,0,0,0,Player,380,80.30%
1997,Willie Wells,1904-1989,Veterans,0,0,0,0,0,1,0,0,0,0,0,0,0,0,0,0,Player,,
1996,Bill Foster,1904-1978,Veterans,0,0,0,0,0,1,0,0,0,0,0,0,0,0,0,0,Player,,
1996,Jim Bunning,1931-2017,Veterans,0,0,0,0,0,1,0,0,0,0,0,0,0,0,0,0,Player,,
1996,Ned Hanlon,1857-1937,Veterans,0,0,0,0,0,1,0,0,0,0,0,0,0,0,0,0,Manager,,
1996,Earl Weaver,1930-2013,Veterans,0,0,0,0,0,1,0,0,0,0,0,0,0,0,0,0,Manager,,
1995,Leon Day,1916-1995,Veterans,0,0,0,0,0,1,0,0,0,0,0,0,0,0,0,0,Player,,
1995,Mike Schmidt,1949-Living,BBWAA,1,0,0,0,0,0,0,0,0,0,0,0,0,0,0,0,Player,444,96.50%
1995,Richie Ashburn,1927-1997,Veterans,0,0,0,0,0,1,0,0,0,0,0,0,0,0,0,0,Player,,
1995,Vic Willis,1876-1947,Veterans,0,0,0,0,0,1,0,0,0,0,0,0,0,0,0,0,Player,,
1995,William Hulbert,1832-1882,Veterans,0,0,0,0,0,1,0,0,0,0,0,0,0,0,0,0,Pioneer/Executive,,
1994,Phil Rizzuto,1917-2007,Veterans,0,0,0,0,0,1,0,0,0,0,0,0,0,0,0,0,Player,,
1994,Leo Durocher,1905-1991,Veterans,0,0,0,0,0,1,0,0,0,0,0,0,0,0,0,0,Manager,,
1994,Steve Carlton,1944-Living,BBWAA,1,0,0,0,0,0,0,0,0,0,0,0,0,0,0,0,Player,436,95.60%
1993,Reggie Jackson,1946-Living,BBWAA,1,0,0,0,0,0,0,0,0,0,0,0,0,0,0,0,Player,396,93.60%
1992,Hal Newhouser,1921-1998,Veterans,0,0,0,0,0,1,0,0,0,0,0,0,0,0,0,0,Player,,
1992,Bill McGowan,1896-1954,Veterans,0,0,0,0,0,1,0,0,0,0,0,0,0,0,0,0,Umpire,,
1992,Rollie Fingers,1946-Living,BBWAA,1,0,0,0,0,0,0,0,0,0,0,0,0,0,0,0,Player,349,81.20%
1992,Tom Seaver,1944-2020,BBWAA,1,0,0,0,0,0,0,0,0,0,0,0,0,0,0,0,Player,425,98.80%
1991,Bill Veeck,1914-1986,Veterans,0,0,0,0,0,1,0,0,0,0,0,0,0,0,0,0,Pioneer/Executive,,
1991,Fergie Jenkins,1942-Living,BBWAA,1,0,0,0,0,0,0,0,0,0,0,0,0,0,0,0,Player,334,75.40%
1991,Gaylord Perry,1938-2022,BBWAA,1,0,0,0,0,0,0,0,0,0,0,0,0,0,0,0,Player,342,77.20%
1991,Rod Carew,1945-Living,BBWAA,1,0,0,0,0,0,0,0,0,0,0,0,0,0,0,0,Player,401,90.50%
1991,Tony Lazzeri,1903-1946,Veterans,0,0,0,0,0,1,0,0,0,0,0,0,0,0,0,0,Player,,
1990,Jim Palmer,1945-Living,BBWAA,1,0,0,0,0,0,0,0,0,0,0,0,0,0,0,0,Player,411,92.60%
1990,Joe Morgan,1943-2020,BBWAA,1,0,0,0,0,0,0,0,0,0,0,0,0,0,0,0,Player,363,81.80%
1989,Al Barlick,1915-1995,Veterans,0,0,0,0,0,1,0,0,0,0,0,0,0,0,0,0,Umpire,,
1989,Carl Yastrzemski,1939-Living,BBWAA,1,0,0,0,0,0,0,0,0,0,0,0,0,0,0,0,Player,423,94.60%
1989,Johnny Bench,1947-Living,BBWAA,1,0,0,0,0,0,0,0,0,0,0,0,0,0,0,0,Player,431,96.40%
1989,Red Schoendienst,1923-2018,Veterans,0,0,0,0,0,1,0,0,0,0,0,0,0,0,0,0,Player,,
1988,Willie Stargell,1940-2001,BBWAA,1,0,0,0,0,0,0,0,0,0,0,0,0,0,0,0,Player,352,82.40%
1987,Billy Williams,1938-Living,BBWAA,1,0,0,0,0,0,0,0,0,0,0,0,0,0,0,0,Player,354,85.70%
1987,Catfish Hunter,1946-1999,BBWAA,1,0,0,0,0,0,0,0,0,0,0,0,0,0,0,0,Player,315,76.30%
1987,Ray Dandridge,1913-1994,Veterans,0,0,0,0,0,1,0,0,0,0,0,0,0,0,0,0,Player,,
1986,Bobby Doerr,1918-2017,Veterans,0,0,0,0,0,1,0,0,0,0,0,0,0,0,0,0,Player,,
1986,Ernie Lombardi,1908-1977,Veterans,0,0,0,0,0,1,0,0,0,0,0,0,0,0,0,0,Player,,
1986,Willie McCovey,1938-2018,BBWAA,1,0,0,0,0,0,0,0,0,0,0,0,0,0,0,0,Player,346,81.40%
1985,Arky Vaughan,1912-1952,Veterans,0,0,0,0,0,1,0,0,0,0,0,0,0,0,0,0,Player,,
1985,Enos Slaughter,1916-2002,Veterans,0,0,0,0,0,1,0,0,0,0,0,0,0,0,0,0,Player,,
1985,Hoyt Wilhelm,1922-2002,BBWAA,1,0,0,0,0,0,0,0,0,0,0,0,0,0,0,0,Player,331,83.80%
1985,Lou Brock,1939-2020,BBWAA,1,0,0,0,0,0,0,0,0,0,0,0,0,0,0,0,Player,315,79.70%
1984,Don Drysdale,1936-1993,BBWAA,1,0,0,0,0,0,0,0,0,0,0,0,0,0,0,0,Player,316,78.40%
1984,Harmon Killebrew,1936-2011,BBWAA,1,0,0,0,0,0,0,0,0,0,0,0,0,0,0,0,Player,335,83.10%
1984,Luis Aparicio,1934-Living,BBWAA,1,0,0,0,0,0,0,0,0,0,0,0,0,0,0,0,Player,341,84.60%
1984,Pee Wee Reese,1918-1999,Veterans,0,0,0,0,0,1,0,0,0,0,0,0,0,0,0,0,Player,,
1984,Rick Ferrell,1905-1995,Veterans,0,0,0,0,0,1,0,0,0,0,0,0,0,0,0,0,Player,,
1983,Walter Alston,1911-1984,Veterans,0,0,0,0,0,1,0,0,0,0,0,0,0,0,0,0,Manager,,
1983,Brooks Robinson,1937-2023,BBWAA,1,0,0,0,0,0,0,0,0,0,0,0,0,0,0,0,Player,344,92.00%
1983,George Kell,1922-2009,Veterans,0,0,0,0,0,1,0,0,0,0,0,0,0,0,0,0,Player,,
1983,Juan Marichal,1937-Living,BBWAA,1,0,0,0,0,0,0,0,0,0,0,0,0,0,0,0,Player,313,83.70%
1982,Frank Robinson,1935-2019,BBWAA,1,0,0,0,0,0,0,0,0,0,0,0,0,0,0,0,Player,370,89.20%
1982,Happy Chandler,1898-1991,Veterans,0,0,0,0,0,1,0,0,0,0,0,0,0,0,0,0,Pioneer/Executive,,
1982,Henry Aaron,1934-2021,BBWAA,1,0,0,0,0,0,0,0,0,0,0,0,0,0,0,0,Player,406,97.80%
1982,Travis Jackson,1903-1987,Veterans,0,0,0,0,0,1,0,0,0,0,0,0,0,0,0,0,Player,,
1981,Bob Gibson,1935-2020,BBWAA,1,0,0,0,0,0,0,0,0,0,0,0,0,0,0,0,Player,337,84.00%
1981,Johnny Mize,1913-1993,Veterans,0,0,0,0,0,1,0,0,0,0,0,0,0,0,0,0,Player,,
1981,Rube Foster,1879-1930,Veterans,0,0,0,0,0,1,0,0,0,0,0,0,0,0,0,0,Pioneer/Executive,,
1980,Al Kaline,1934-2020,BBWAA,1,0,0,0,0,0,0,0,0,0,0,0,0,0,0,0,Player,340,88.30%
1980,Chuck Klein,1904-1958,Veterans,0,0,0,0,0,1,0,0,0,0,0,0,0,0,0,0,Player,,
1980,Duke Snider,1926-2011,BBWAA,1,0,0,0,0,0,0,0,0,0,0,0,0,0,0,0,Player,333,86.50%
1980,Tom Yawkey,1903-1976,Veterans,0,0,0,0,0,1,0,0,0,0,0,0,0,0,0,0,Pioneer/Executive,,
1979,Hack Wilson,1900-1948,Veterans,0,0,0,0,0,1,0,0,0,0,0,0,0,0,0,0,Player,,
1979,Warren Giles,1896-1979,Veterans,0,0,0,0,0,1,0,0,0,0,0,0,0,0,0,0,Pioneer/Executive,,
1979,Willie Mays,1931-2024,BBWAA,1,0,0,0,0,0,0,0,0,0,0,0,0,0,0,0,Player,409,94.70%
1978,Addie Joss,1880-1911,Veterans,0,0,0,0,0,1,0,0,0,0,0,0,0,0,0,0,Player,,
1978,Eddie Mathews,1931-2001,BBWAA,1,0,0,0,0,0,0,0,0,0,0,0,0,0,0,0,Player,301,79.40%
1978,Larry MacPhail,1890-1975,Veterans,0,0,0,0,0,1,0,0,0,0,0,0,0,0,0,0,Pioneer/Executive,,
1977,Amos Rusie,1871-1942,Veterans,0,0,0,0,0,1,0,0,0,0,0,0,0,0,0,0,Player,,
1977,Ernie Banks,1931-2015,BBWAA,1,0,0,0,0,0,0,0,0,0,0,0,0,0,0,0,Player,321,83.80%
1977,Joe Sewell,1898-1990,Veterans,0,0,0,0,0,1,0,0,0,0,0,0,0,0,0,0,Player,,
1977,Al Lopez,1908-2005,Veterans,0,0,0,0,0,1,0,0,0,0,0,0,0,0,0,0,Manager,,
1977,John Henry Lloyd,1884-1964,Negro League,0,0,0,0,0,0,0,0,0,0,0,1,0,0,0,0,Player,,
1977,Martín Dihigo,1905-1971,Negro League,0,0,0,0,0,0,0,0,0,0,0,1,0,0,0,0,Player,,
1976,Bob Lemon,1920-2000,BBWAA,1,0,0,0,0,0,0,0,0,0,0,0,0,0,0,0,Player,305,78.60%
1976,Freddie Lindstrom,1905-1981,Veterans,0,0,0,0,0,1,0,0,0,0,0,0,0,0,0,0,Player,,
1976,Cal Hubbard,1900-1977,Veterans,0,0,0,0,0,1,0,0,0,0,0,0,0,0,0,0,Umpire,,
1976,Oscar Charleston,1896-1954,Negro League,0,0,0,0,0,0,0,0,0,0,0,1,0,0,0,0,Player,,
1976,Robin Roberts,1926-2010,BBWAA,1,0,0,0,0,0,0,0,0,0,0,0,0,0,0,0,Player,337,86.90%
1976,Roger Connor,1857-1931,Veterans,0,0,0,0,0,1,0,0,0,0,0,0,0,0,0,0,Player,,
1975,Billy Herman,1909-1992,Veterans,0,0,0,0,0,1,0,0,0,0,0,0,0,0,0,0,Player,,
1975,Bucky Harris,1896-1977,Veterans,0,0,0,0,0,1,0,0,0,0,0,0,0,0,0,0,Manager,,
1975,Earl Averill,1902-1983,Veterans,0,0,0,0,0,1,0,0,0,0,0,0,0,0,0,0,Player,,
1975,Judy Johnson,1899-1989,Negro League,0,0,0,0,0,0,0,0,0,0,0,1,0,0,0,0,Player,,
1975,Ralph Kiner,1922-2014,BBWAA,1,0,0,0,0,0,0,0,0,0,0,0,0,0,0,0,Player,273,75.40%
1974,Cool Papa Bell,1903-1991,Negro League,0,0,0,0,0,0,0,0,0,0,0,1,0,0,0,0,Player,,
1974,Jim Bottomley,1900-1959,Veterans,0,0,0,0,0,1,0,0,0,0,0,0,0,0,0,0,Player,,
1974,Jocko Conlan,1899-1989,Veterans,0,0,0,0,0,1,0,0,0,0,0,0,0,0,0,0,Umpire,,
1974,Mickey Mantle,1931-1995,BBWAA,1,0,0,0,0,0,0,0,0,0,0,0,0,0,0,0,Player,322,88.20%
1974,Sam Thompson,1860-1922,Veterans,0,0,0,0,0,1,0,0,0,0,0,0,0,0,0,0,Player,,
1974,Whitey Ford,1928-2020,BBWAA,1,0,0,0,0,0,0,0,0,0,0,0,0,0,0,0,Player,284,77.80%
1973,George Kelly,1895-1984,Veterans,0,0,0,0,0,1,0,0,0,0,0,0,0,0,0,0,Player,,
1973,Billy Evans,1884-1956,Veterans,0,0,0,0,0,1,0,0,0,0,0,0,0,0,0,0,Umpire,,
1973,Mickey Welch,1859-1941,Veterans,0,0,0,0,0,1,0,0,0,0,0,0,0,0,0,0,Player,,
1973,Monte Irvin,1919-2016,Negro League,0,0,0,0,0,0,0,0,0,0,0,1,0,0,0,0,Player,,
1973,Roberto Clemente,1934-1972,Special Election,0,0,0,0,0,0,0,0,0,0,0,0,0,0,0,1,Player,,
1973,Warren Spahn,1921-2003,BBWAA,1,0,0,0,0,0,0,0,0,0,0,0,0,0,0,0,Player,316,83.20%
1972,Buck Leonard,1907-1997,Negro League,0,0,0,0,0,0,0,0,0,0,0,1,0,0,0,0,Player,,
1972,Early Wynn,1920-1999,BBWAA,1,0,0,0,0,0,0,0,0,0,0,0,0,0,0,0,Player,301,76.00%
1972,Josh Gibson,1911-1947,Negro League,0,0,0,0,0,0,0,0,0,0,0,1,0,0,0,0,Player,,
1972,Lefty Gomez,1908-1989,Veterans,0,0,0,0,0,1,0,0,0,0,0,0,0,0,0,0,Player,,
1972,Ross Youngs,1897-1927,Veterans,0,0,0,0,0,1,0,0,0,0,0,0,0,0,0,0,Player,,
1972,Sandy Koufax,1935-Living,BBWAA,1,0,0,0,0,0,0,0,0,0,0,0,0,0,0,0,Player,344,86.90%
1972,Will Harridge,1881-1971,Veterans,0,0,0,0,0,1,0,0,0,0,0,0,0,0,0,0,Pioneer/Executive,,
1972,Yogi Berra,1925-2015,BBWAA,1,0,0,0,0,0,0,0,0,0,0,0,0,0,0,0,Player,339,85.60%
1971,Chick Hafey,1903-1973,Veterans,0,0,0,0,0,1,0,0,0,0,0,0,0,0,0,0,Player,,
1971,Dave Bancroft,1891-1972,Veterans,0,0,0,0,0,1,0,0,0,0,0,0,0,0,0,0,Player,,
1971,George Weiss,1894-1972,Veterans,0,0,0,0,0,1,0,0,0,0,0,0,0,0,0,0,Pioneer/Executive,,
1971,Harry Hooper,1887-1974,Veterans,0,0,0,0,0,1,0,0,0,0,0,0,0,0,0,0,Player,,
1971,Jake Beckley,1867-1918,Veterans,0,0,0,0,0,1,0,0,0,0,0,0,0,0,0,0,Player,,
1971,Joe Kelley,1871-1943,Veterans,0,0,0,0,0,1,0,0,0,0,0,0,0,0,0,0,Player,,
1971,Rube Marquard,1886-1980,Veterans,0,0,0,0,0,1,0,0,0,0,0,0,0,0,0,0,Player,,
1971,Satchel Paige,1906-1982,Negro League,0,0,0,0,0,0,0,0,0,0,0,1,0,0,0,0,Player,,
1970,Earle Combs,1899-1976,Veterans,0,0,0,0,0,1,0,0,0,0,0,0,0,0,0,0,Player,,
1970,Ford Frick,1894-1978,Veterans,0,0,0,0,0,1,0,0,0,0,0,0,0,0,0,0,Pioneer/Executive,,
1970,Jesse Haines,1893-1978,Veterans,0,0,0,0,0,1,0,0,0,0,0,0,0,0,0,0,Player,,
1970,Lou Boudreau,1917-2001,BBWAA,1,0,0,0,0,0,0,0,0,0,0,0,0,0,0,0,Player,232,77.30%
1969,Roy Campanella,1921-1993,BBWAA,1,0,0,0,0,0,0,0,0,0,0,0,0,0,0,0,Player,270,79.40%
1969,Stan Coveleski,1889-1984,Veterans,0,0,0,0,0,1,0,0,0,0,0,0,0,0,0,0,Player,,
1969,Stan Musial,1920-2013,BBWAA,1,0,0,0,0,0,0,0,0,0,0,0,0,0,0,0,Player,317,93.20%
1969,Waite Hoyt,1899-1984,Veterans,0,0,0,0,0,1,0,0,0,0,0,0,0,0,0,0,Player,,
1968,Goose Goslin,1900-1971,Veterans,0,0,0,0,0,1,0,0,0,0,0,0,0,0,0,0,Player,,
1968,Joe Medwick,1911-1975,BBWAA,1,0,0,0,0,0,0,0,0,0,0,0,0,0,0,0,Player,240,84.80%
1968,Kiki Cuyler,1898-1950,Veterans,0,0,0,0,0,1,0,0,0,0,0,0,0,0,0,0,Player,,
1967,Branch Rickey,1881-1965,Veterans,0,0,0,0,0,1,0,0,0,0,0,0,0,0,0,0,Pioneer/Executive,,
1967,Lloyd Waner,1906-1982,Veterans,0,0,0,0,0,1,0,0,0,0,0,0,0,0,0,0,Player,,
1967,Red Ruffing,1905-1986,Run Off,0,0,0,0,0,0,0,0,0,0,0,0,0,0,1,0,Player,266,86.90%
1966,Casey Stengel,1890-1975,Veterans,0,0,0,0,0,1,0,0,0,0,0,0,0,0,0,0,Manager,,
1966,Ted Williams,1918-2002,BBWAA,1,0,0,0,0,0,0,0,0,0,0,0,0,0,0,0,Player,282,93.40%
1965,Pud Galvin,1856-1902,Veterans,0,0,0,0,0,1,0,0,0,0,0,0,0,0,0,0,Player,,
1964,Burleigh Grimes,1893-1985,Veterans,0,0,0,0,0,1,0,0,0,0,0,0,0,0,0,0,Player,,
1964,Heinie Manush,1901-1971,Veterans,0,0,0,0,0,1,0,0,0,0,0,0,0,0,0,0,Player,,
1964,John Ward,1860-1925,Veterans,0,0,0,0,0,1,0,0,0,0,0,0,0,0,0,0,Player,,
1964,Miller Huggins,1878-1929,Veterans,0,0,0,0,0,1,0,0,0,0,0,0,0,0,0,0,Manager,,
1964,Luke Appling,1907-1991,Run Off,0,0,0,0,0,0,0,0,0,0,0,0,0,0,1,0,Player,189,94.00%
1964,Red Faber,1888-1976,Veterans,0,0,0,0,0,1,0,0,0,0,0,0,0,0,0,0,Player,,
1964,Tim Keefe,1857-1933,Veterans,0,0,0,0,0,1,0,0,0,0,0,0,0,0,0,0,Player,,
1963,Elmer Flick,1876-1971,Veterans,0,0,0,0,0,1,0,0,0,0,0,0,0,0,0,0,Player,,
1963,Eppa Rixey,1891-1963,Veterans,0,0,0,0,0,1,0,0,0,0,0,0,0,0,0,0,Player,,
1963,John Clarkson,1861-1909,Veterans,0,0,0,0,0,1,0,0,0,0,0,0,0,0,0,0,Player,,
1963,Sam Rice,1890-1974,Veterans,0,0,0,0,0,1,0,0,0,0,0,0,0,0,0,0,Player,,
1962,Bob Feller,1918-2010,BBWAA,1,0,0,0,0,0,0,0,0,0,0,0,0,0,0,0,Player,150,93.80%
1962,Bill McKechnie,1886-1965,Veterans,0,0,0,0,0,1,0,0,0,0,0,0,0,0,0,0,Manager,,
1962,Edd Roush,1893-1988,Veterans,0,0,0,0,0,1,0,0,0,0,0,0,0,0,0,0,Player,,
1962,Jackie Robinson,1919-1972,BBWAA,1,0,0,0,0,0,0,0,0,0,0,0,0,0,0,0,Player,124,77.50%
1961,Billy Hamilton,1866-1940,Veterans,0,0,0,0,0,1,0,0,0,0,0,0,0,0,0,0,Player,,
1961,Max Carey,1890-1976,Veterans,0,0,0,0,0,1,0,0,0,0,0,0,0,0,0,0,Player,,
1959,Zack Wheat,1888-1972,Veterans,0,0,0,0,0,1,0,0,0,0,0,0,0,0,0,0,Player,,
1957,Sam Crawford,1880-1968,Veterans,0,0,0,0,0,1,0,0,0,0,0,0,0,0,0,0,Player,,
1957,Joe McCarthy,1887-1978,Veterans,0,0,0,0,0,1,0,0,0,0,0,0,0,0,0,0,Manager,,
1956,Hank Greenberg,1911-1986,BBWAA,1,0,0,0,0,0,0,0,0,0,0,0,0,0,0,0,Player,164,85.00%
1956,Joe Cronin,1906-1984,BBWAA,1,0,0,0,0,0,0,0,0,0,0,0,0,0,0,0,Player,152,78.80%
1955,Dazzy Vance,1891-1961,BBWAA,1,0,0,0,0,0,0,0,0,0,0,0,0,0,0,0,Player,205,81.70%
1955,Gabby Hartnett,1900-1972,BBWAA,1,0,0,0,0,0,0,0,0,0,0,0,0,0,0,0,Player,195,77.70%
1955,Home Run Baker,1886-1963,Veterans,0,0,0,0,0,1,0,0,0,0,0,0,0,0,0,0,Player,,
1955,Joe DiMaggio,1914-1999,BBWAA,1,0,0,0,0,0,0,0,0,0,0,0,0,0,0,0,Player,223,88.80%
1955,Ray Schalk,1892-1970,Veterans,0,0,0,0,0,1,0,0,0,0,0,0,0,0,0,0,Player,,
1955,Ted Lyons,1900-1986,BBWAA,1,0,0,0,0,0,0,0,0,0,0,0,0,0,0,0,Player,217,86.50%
1954,Bill Dickey,1907-1993,BBWAA,1,0,0,0,0,0,0,0,0,0,0,0,0,0,0,0,Player,202,80.20%
1954,Bill Terry,1898-1989,BBWAA,1,0,0,0,0,0,0,0,0,0,0,0,0,0,0,0,Player,195,77.40%
1954,Rabbit Maranville,1891-1954,BBWAA,1,0,0,0,0,0,0,0,0,0,0,0,0,0,0,0,Player,209,82.90%
1953,Al Simmons,1902-1956,BBWAA,1,0,0,0,0,0,0,0,0,0,0,0,0,0,0,0,Player,199,75.40%
1953,Bobby Wallace,1873-1960,Veterans,0,0,0,0,0,1,0,0,0,0,0,0,0,0,0,0,Player,,
1953,Tommy Connolly,1870-1961,Veterans,0,0,0,0,0,1,0,0,0,0,0,0,0,0,0,0,Umpire,,
1953,Charles Bender,1884-1954,Veterans,0,0,0,0,0,1,0,0,0,0,0,0,0,0,0,0,Player,,
1953,Bill Klem,1874-1951,Veterans,0,0,0,0,0,1,0,0,0,0,0,0,0,0,0,0,Umpire,,
1953,Dizzy Dean,1910-1974,BBWAA,1,0,0,0,0,0,0,0,0,0,0,0,0,0,0,0,Player,209,79.20%
1953,Ed Barrow,1868-1953,Veterans,0,0,0,0,0,1,0,0,0,0,0,0,0,0,0,0,Pioneer/Executive,,
1953,Harry Wright,1835-1895,Veterans,0,0,0,0,0,1,0,0,0,0,0,0,0,0,0,0,Pioneer/Executive,,
1952,Harry Heilmann,1894-1951,BBWAA,1,0,0,0,0,0,0,0,0,0,0,0,0,0,0,0,Player,203,86.80%
1952,Paul Waner,1903-1965,BBWAA,1,0,0,0,0,0,0,0,0,0,0,0,0,0,0,0,Player,195,83.30%
1951,Jimmie Foxx,1907-1967,BBWAA,1,0,0,0,0,0,0,0,0,0,0,0,0,0,0,0,Player,179,79.20%
1951,Mel Ott,1909-1958,BBWAA,1,0,0,0,0,0,0,0,0,0,0,0,0,0,0,0,Player,197,87.20%
1949,Charlie Gehringer,1903-1993,Run Off,0,0,0,0,0,0,0,0,0,0,0,0,0,0,1,0,Player,159,85.00%
1949,Kid Nichols,1869-1953,Old Timers,0,0,0,0,0,0,0,0,0,0,0,0,1,0,0,0,Player,,
1949,Mordecai Brown,1876-1948,Old Timers,0,0,0,0,0,0,0,0,0,0,0,0,1,0,0,0,Player,,
1948,Herb Pennock,1894-1948,BBWAA,1,0,0,0,0,0,0,0,0,0,0,0,0,0,0,0,Player,94,77.70%
1948,Pie Traynor,1898-1972,BBWAA,1,0,0,0,0,0,0,0,0,0,0,0,0,0,0,0,Player,93,76.90%
1947,Carl Hubbell,1903-1988,BBWAA,1,0,0,0,0,0,0,0,0,0,0,0,0,0,0,0,Player,140,87.00%
1947,Frankie Frisch,1897-1973,BBWAA,1,0,0,0,0,0,0,0,0,0,0,0,0,0,0,0,Player,136,84.50%
1947,Lefty Grove,1900-1975,BBWAA,1,0,0,0,0,0,0,0,0,0,0,0,0,0,0,0,Player,123,76.40%
1947,Mickey Cochrane,1903-1962,BBWAA,1,0,0,0,0,0,0,0,0,0,0,0,0,0,0,0,Player,128,79.50%
1946,Clark Griffith,1869-1955,Old Timers,0,0,0,0,0,0,0,0,0,0,0,0,1,0,0,0,Pioneer/Executive,,
1946,Ed Walsh,1881-1959,Old Timers,0,0,0,0,0,0,0,0,0,0,0,0,1,0,0,0,Player,,
1946,Eddie Plank,1875-1926,Old Timers,0,0,0,0,0,0,0,0,0,0,0,0,1,0,0,0,Player,,
1946,Frank Chance,1876-1924,Old Timers,0,0,0,0,0,0,0,0,0,0,0,0,1,0,0,0,Player,,
1946,Jack Chesbro,1874-1931,Old Timers,0,0,0,0,0,0,0,0,0,0,0,0,1,0,0,0,Player,,
1946,Jesse Burkett,1868-1953,Old Timers,0,0,0,0,0,0,0,0,0,0,0,0,1,0,0,0,Player,,
1946,Joe McGinnity,1871-1929,Old Timers,0,0,0,0,0,0,0,0,0,0,0,0,1,0,0,0,Player,,
1946,Joe Tinker,1880-1948,Old Timers,0,0,0,0,0,0,0,0,0,0,0,0,1,0,0,0,Player,,
1946,Johnny Evers,1881-1947,Old Timers,0,0,0,0,0,0,0,0,0,0,0,0,1,0,0,0,Player,,
1946,Rube Waddell,1876-1914,Old Timers,0,0,0,0,0,0,0,0,0,0,0,0,1,0,0,0,Player,,
1946,Tommy McCarthy,1863-1922,Old Timers,0,0,0,0,0,0,0,0,0,0,0,0,1,0,0,0,Player,,
1945,Dan Brouthers,1858-1932,Old Timers,0,0,0,0,0,0,0,0,0,0,0,0,1,0,0,0,Player,,
1945,Ed Delahanty,1867-1903,Old Timers,0,0,0,0,0,0,0,0,0,0,0,0,1,0,0,0,Player,,
1945,Fred Clarke,1872-1960,Old Timers,0,0,0,0,0,0,0,0,0,0,0,0,1,0,0,0,Player,,
1945,Hugh Duffy,1866-1954,Old Timers,0,0,0,0,0,0,0,0,0,0,0,0,1,0,0,0,Player,,
1945,Hughie Jennings,1869-1928,Old Timers,0,0,0,0,0,0,0,0,0,0,0,0,1,0,0,0,Player,,
1945,Jim O'Rourke,1850-1919,Old Timers,0,0,0,0,0,0,0,0,0,0,0,0,1,0,0,0,Player,,
1945,Jimmy Collins,1870-1943,Old Timers,0,0,0,0,0,0,0,0,0,0,0,0,1,0,0,0,Player,,
1945,King Kelly,1857-1894,Old Timers,0,0,0,0,0,0,0,0,0,0,0,0,1,0,0,0,Player,,
1945,Roger Bresnahan,1879-1944,Old Timers,0,0,0,0,0,0,0,0,0,0,0,0,1,0,0,0,Player,,
1945,Wilbert Robinson,1864-1934,Old Timers,0,0,0,0,0,0,0,0,0,0,0,0,1,0,0,0,Manager,,
1944,Kenesaw Mountain Landis,1866-1944,Old Timers,0,0,0,0,0,0,0,0,0,0,0,0,1,0,0,0,Pioneer/Executive,,
1942,Rogers Hornsby,1896-1963,BBWAA,1,0,0,0,0,0,0,0,0,0,0,0,0,0,0,0,Player,182,78.10%
1939,Al Spalding,1850-1915,Old Timers,0,0,0,0,0,0,0,0,0,0,0,0,1,0,0,0,Pioneer/Executive,,
1939,Buck Ewing,1859-1906,Old Timers,0,0,0,0,0,0,0,0,0,0,0,0,1,0,0,0,Player,,
1939,Candy Cummings,1848-1924,Old Timers,0,0,0,0,0,0,0,0,0,0,0,0,1,0,0,0,Pioneer/Executive,,
1939,Cap Anson,1852-1922,Old Timers,0,0,0,0,0,0,0,0,0,0,0,0,1,0,0,0,Player,,
1939,Charlie Comiskey,1859-1931,Old Timers,0,0,0,0,0,0,0,0,0,0,0,0,1,0,0,0,Pioneer/Executive,,
1939,Eddie Collins,1887-1951,BBWAA,1,0,0,0,0,0,0,0,0,0,0,0,0,0,0,0,Player,213,77.70%
1939,George Sisler,1893-1973,BBWAA,1,0,0,0,0,0,0,0,0,0,0,0,0,0,0,0,Player,235,85.80%
1939,Lou Gehrig,1903-1941,Special Election,0,0,0,0,0,0,0,0,0,0,0,0,0,0,0,1,Player,,
1939,Old Hoss Radbourn,1854-1897,Old Timers,0,0,0,0,0,0,0,0,0,0,0,0,1,0,0,0,Player,,
1939,Willie Keeler,1872-1923,BBWAA,1,0,0,0,0,0,0,0,0,0,0,0,0,0,0,0,Player,207,75.50%
1938,Alexander Cartwright,1820-1892,Centennial,0,0,0,0,0,0,0,0,0,0,0,0,0,1,0,0,Pioneer/Executive,,
1938,Grover Alexander,1887-1950,BBWAA,1,0,0,0,0,0,0,0,0,0,0,0,0,0,0,0,Player,212,80.90%
1938,Henry Chadwick,1824-1908,Centennial,0,0,0,0,0,0,0,0,0,0,0,0,0,1,0,0,Pioneer/Executive,,
1937,Ban Johnson,1865-1931,Centennial,0,0,0,0,0,0,0,0,0,0,0,0,0,1,0,0,Pioneer/Executive,,
1937,Cy Young,1867-1955,BBWAA,1,0,0,0,0,0,0,0,0,0,0,0,0,0,0,0,Player,153,76.10%
1937,George Wright,1847-1937,Centennial,0,0,0,0,0,0,0,0,0,0,0,0,0,1,0,0,Pioneer/Executive,,
1937,Connie Mack,1862-1956,Centennial,0,0,0,0,0,0,0,0,0,0,0,0,0,1,0,0,Manager,,
1937,John McGraw,1873-1934,Centennial,0,0,0,0,0,0,0,0,0,0,0,0,0,1,0,0,Manager,,
1937,Morgan Bulkeley,1837-1922,Centennial,0,0,0,0,0,0,0,0,0,0,0,0,0,1,0,0,Pioneer/Executive,,
1937,Nap Lajoie,1874-1959,BBWAA,1,0,0,0,0,0,0,0,0,0,0,0,0,0,0,0,Player,168,83.60%
1937,Tris Speaker,1888-1958,BBWAA,1,0,0,0,0,0,0,0,0,0,0,0,0,0,0,0,Player,165,82.10%
1936,Babe Ruth,1895-1948,BBWAA,1,0,0,0,0,0,0,0,0,0,0,0,0,0,0,0,Player,215,95.10%
1936,Christy Mathewson,1880-1925,BBWAA,1,0,0,0,0,0,0,0,0,0,0,0,0,0,0,0,Player,205,90.70%
1936,Honus Wagner,1874-1955,BBWAA,1,0,0,0,0,0,0,0,0,0,0,0,0,0,0,0,Player,215,95.10%
1936,Ty Cobb,1886-1961,BBWAA,1,0,0,0,0,0,0,0,0,0,0,0,0,0,0,0,Player,222,98.20%
1936,Walter Johnson,1887-1946,BBWAA,1,0,0,0,0,0,0,0,0,0,0,0,0,0,0,0,Player,189,83.60%
